Titre,Lien,Mots-clés
"Intelligence Artificielle et Sites de Rencontres en Ligne : Guide Complet 2025","https://rencontrecoquine.info/blog/intelligence-artificielle-sites-rencontres-2025","intelligence artificielle rencontres en ligne, IA dating 2025, algorithme matching rencontres, site rencontre intelligence artificielle, IA sites rencontres France, compatibilité émotionnelle IA, détection faux profils intelligence artificielle, chatbot rencontres, matching par IA"
"Les 7 Signes qu'une Personne est Réellement Intéressée par Vous en Ligne","https://rencontrecoquine.info/blog/signes-personne-interessee-en-ligne","signes d'intérêt en ligne, décodage signaux, personne intéressée, rencontres en ligne, communication digitale, intérêt authentique, connexion en ligne"
"Comment Créer une Connexion Instantanée avec une Personne en Ligne : 10 Astuces pour une Alchimie Immédiate","https://rencontrecoquine.info/blog/creer-connexion-instantanee-personne-en-ligne",""
"Comment Réussir un Premier Message Impactant sur une Plateforme de Connexions : Guide Pratique","https://rencontrecoquine.info/blog/envoyer-premier-message-parfait-plateforme-connexions",""
"Les 10 Phrases d'Accroche qui Attirent le Plus de Réponses sur les Plateformes de Connexions","https://rencontrecoquine.info/blog/phrases-ouverture-originales-plateformes-connexions",""
"Comment Attirer Plus de Messages sur une Plateforme de Connexions : 10 Astuces Efficaces","https://rencontrecoquine.info/blog/attirer-plus-messages-plateforme-connexions",""
"Les Techniques pour Créer du Lien en Ligne qui Fonctionnent à Tous les Coups : Guide Pratique pour des Résultats Garantis","https://rencontrecoquine.info/blog/techniques-flirt-efficaces-rencontres-authentiques",""
"Les Secrets pour Attirer Naturellement sur une Plateforme de Connexions : Guide Pratique pour Briller en Ligne","https://rencontrecoquine.info/blog/secrets-attraction-naturelle-plateforme-connexions",""
"Les 5 Erreurs à Éviter Absolument sur une Plateforme de Connexions","https://rencontrecoquine.info/blog/erreurs-a-eviter-site-rencontre-authentique",""
"Comment Rédiger un Profil Irrésistible sur une Plateforme de Connexions","https://rencontrecoquine.info/blog/rediger-profil-irresistible-rencontre-authentique",""